iteration	timestamp	gaps_found	fail_count	concern_count	applied	saturation_status	loop_status	notes
0	2026-10-03T17:09:23Z	TBD	TBD	TBD	0	ACTIVE	baseline	domain=ux; corpus=home,/about,/work,9 case studies; baseline = round6 design-consolidation audit
1	2026-10-03T19:20:15Z	14	10	4	10	ACTIVE	CONTINUE	R1 research done (design SPEC + functional QA); fix lanes FX-1..4 spawned
2	2026-10-03T20:27:20Z	31	14	17	27	ACTIVE	CONTINUE	R2 research (design 6.9/10 + functional); stricter measured audit; 1 regression (F5 stat wrap); fix lanes FX-1..4 spawned
3	2026-10-03T21:42:52Z	20	5	15	18	ACTIVE	CONTINUE	R3 research avg 7.7/10; 20 gaps (down from 31); fix lanes FX-1..4 spawned
4	2026-10-03T22:32:48Z	11	1	10	11	ACTIVE	CONTINUE	R4 design 7.8/10; functional gates green except 2 e2e; placement + spirit lanes added; fix lanes FX-1..4 spawned
5	2026-10-04T01:08:20Z	11	2	9	10	ACTIVE	CONTINUE	R5 design 7.8 flat; functional 2 FAIL (transition freeze, stale specs); rework lane owns visitor UI
6	2026-10-04T02:31:45Z	7	0	7	0	ACTIVE	CONTINUE	R6 design 7.9; functional 0 FAIL, all gates green at 16c1af5; Thao picker changes folded into FX-V
6b	2026-10-04T02:44:33Z	7	0	7	13	ACTIVE	CONTINUE	R6 fixes landed fc60467+a586de3; 7 carried to R7
7	2026-10-04T03:05:26Z	11	2	9	0	ACTIVE	CONTINUE	R7 design 8.0; e2e 205/206 at a586de3; FX-A + FX-B launched
8	2026-10-04T04:55:39Z	TBD	TBD	TBD	TBD	ACTIVE	CONTINUE	R8 = Thao feedback (guide physics, clay, flags/modal, poll, header/stamp/emoji); 5 fix lanes + R8 skeptics run in parallel
8b	2026-10-04T05:41:07Z	10	2	8	9	ACTIVE	CONTINUE	R8 skeptics: design 7.8, e2e 211/213 at bf552ba; guide physics still in flight
9	2026-10-04T07:50:24Z	-	-	-	-	SATURATED	HALTED_SUCCESS	Thao accepted result; loop ended at R9 (design 8.5). Final lanes landing green-or-revert; then final gates + deploy prep
